,year,conf,division,team,wins,losses,ties,win %,div_rank,scored,allowed,net,sov,sos,seed,playoff
0,2002,AFC,AFC East,BUF,8,8,0,0.5,4,379,397,-18,0.351562,0.472656,,
1,2002,AFC,AFC East,MIA,9,7,0,0.5625,3,378,301,77,0.486111,0.507812,,
2,2002,AFC,AFC East,NE,9,7,0,0.5625,2,381,346,35,0.451389,0.523438,,
3,2002,AFC,AFC East,NYJ,9,7,0,0.5625,1,359,336,23,0.5,0.5,4.0,LostDV
4,2002,AFC,AFC North,BAL,7,9,0,0.4375,3,316,354,-38,0.383929,0.5,,
5,2002,AFC,AFC North,CIN,2,14,0,0.125,4,279,456,-177,0.40625,0.53125,,
6,2002,AFC,AFC North,CLE,9,7,0,0.5625,2,344,320,24,0.409722,0.480469,6.0,LostWC
7,2002,AFC,AFC North,PIT,10,5,1,0.65625,1,390,345,45,0.44375,0.484375,3.0,LostDV
8,2002,AFC,AFC South,HOU,4,12,0,0.25,4,213,356,-143,0.484375,0.515625,,
9,2002,AFC,AFC South,IND,10,6,0,0.625,2,349,313,36,0.4,0.476562,5.0,LostWC
10,2002,AFC,AFC South,JAX,6,10,0,0.375,3,328,315,13,0.4375,0.503906,,
11,2002,AFC,AFC South,TEN,11,5,0,0.6875,1,367,324,43,0.471591,0.476562,2.0,LostCC
12,2002,AFC,AFC West,DEN,9,7,0,0.5625,2,392,344,48,0.486111,0.527344,,
13,2002,AFC,AFC West,KC,8,8,0,0.5,4,467,399,68,0.515625,0.527344,,
14,2002,AFC,AFC West,LV/OAK,11,5,0,0.6875,1,450,304,146,0.528409,0.527344,1.0,LostSB
15,2002,AFC,AFC West,LAC/SD,8,8,0,0.5,3,333,367,-34,0.453125,0.492188,,
16,2002,NFC,NFC East,DAL,5,11,0,0.3125,4,217,329,-112,0.475,0.5,,
17,2002,NFC,NFC East,NYG,10,6,0,0.625,2,320,279,41,0.45,0.480469,5.0,LostWC
18,2002,NFC,NFC East,PHI,12,4,0,0.75,1,415,241,174,0.432292,0.46875,1.0,LostCC
19,2002,NFC,NFC East,WAS,7,9,0,0.4375,3,307,365,-58,0.4375,0.527344,,
20,2002,NFC,NFC North,CHI,4,12,0,0.25,3,281,379,-98,0.421875,0.519531,,
21,2002,NFC,NFC North,DET,3,13,0,0.1875,4,306,451,-145,0.375,0.492188,,
22,2002,NFC,NFC North,GB,12,4,0,0.75,1,398,328,70,0.411458,0.449219,3.0,LostWC
23,2002,NFC,NFC North,MIN,6,10,0,0.375,2,390,442,-52,0.416667,0.496094,,
24,2002,NFC,NFC South,ATL,9,6,1,0.59375,2,402,314,88,0.416667,0.492188,6.0,LostDV
25,2002,NFC,NFC South,CAR,7,9,0,0.4375,4,258,302,-44,0.357143,0.480469,,
26,2002,NFC,NFC South,NO,9,7,0,0.5625,3,432,388,44,0.5625,0.492188,,
27,2002,NFC,NFC South,TB,12,4,0,0.75,1,346,196,150,0.427083,0.476562,2.0,WonSB
28,2002,NFC,NFC West,ARI,5,11,0,0.3125,4,262,417,-155,0.4,0.5,,
29,2002,NFC,NFC West,SEA,7,9,0,0.4375,3,355,369,-14,0.428571,0.503906,,
30,2002,NFC,NFC West,SF,10,6,0,0.625,1,367,351,16,0.45,0.503906,4.0,LostDV
31,2002,NFC,NFC West,LAR/STL,7,9,0,0.4375,2,316,369,-53,0.446429,0.507812,,
32,2003,AFC,AFC East,BUF,6,10,0,0.375,3,243,279,-36,0.4375,0.570312,,
33,2003,AFC,AFC East,MIA,10,6,0,0.625,2,311,261,50,0.3875,0.511719,,
34,2003,AFC,AFC East,NE,14,2,0,0.875,1,348,238,110,0.504464,0.484375,1.0,WonSB
35,2003,AFC,AFC East,NYJ,6,10,0,0.375,4,283,299,-16,0.395833,0.527344,,
36,2003,AFC,AFC North,BAL,10,6,0,0.625,1,391,281,110,0.4,0.457031,4.0,LostWC
37,2003,AFC,AFC North,CIN,8,8,0,0.5,2,346,384,-38,0.46875,0.457031,,
38,2003,AFC,AFC North,CLE,5,11,0,0.3125,4,254,322,-68,0.3625,0.539062,,
39,2003,AFC,AFC North,PIT,6,10,0,0.375,3,300,327,-27,0.364583,0.5,,
40,2003,AFC,AFC South,HOU,5,11,0,0.3125,4,255,380,-125,0.4625,0.570312,,
41,2003,AFC,AFC South,IND,12,4,0,0.75,1,447,336,111,0.447917,0.492188,3.0,LostCC
42,2003,AFC,AFC South,JAX,5,11,0,0.3125,3,276,331,-55,0.45,0.542969,,
43,2003,AFC,AFC South,TEN,12,4,0,0.75,2,435,324,111,0.401042,0.472656,5.0,LostDV
44,2003,AFC,AFC West,DEN,10,6,0,0.625,2,381,301,80,0.40625,0.5,6.0,LostWC
45,2003,AFC,AFC West,KC,13,3,0,0.8125,1,484,332,152,0.384615,0.417969,2.0,LostDV
46,2003,AFC,AFC West,LV/OAK,4,12,0,0.25,3,270,379,-109,0.484375,0.515625,,
47,2003,AFC,AFC West,LAC/SD,4,12,0,0.25,4,313,441,-128,0.359375,0.503906,,
48,2003,NFC,NFC East,DAL,10,6,0,0.625,2,289,260,29,0.3875,0.460938,6.0,LostWC
49,2003,NFC,NFC East,NYG,4,12,0,0.25,4,243,387,-144,0.5,0.554688,,
50,2003,NFC,NFC East,PHI,12,4,0,0.75,1,374,287,87,0.4375,0.476562,1.0,LostCC
51,2003,NFC,NFC East,WAS,5,11,0,0.3125,3,287,372,-85,0.4875,0.53125,,
52,2003,NFC,NFC North,CHI,7,9,0,0.4375,3,283,346,-63,0.366071,0.488281,,
53,2003,NFC,NFC North,DET,5,11,0,0.3125,4,270,379,-109,0.4625,0.535156,,
54,2003,NFC,NFC North,GB,10,6,0,0.625,1,442,307,135,0.4375,0.488281,4.0,LostDV
55,2003,NFC,NFC North,MIN,9,7,0,0.5625,2,416,353,63,0.5,0.457031,,
56,2003,NFC,NFC South,ATL,5,11,0,0.3125,4,299,422,-123,0.4625,0.539062,,
57,2003,NFC,NFC South,CAR,11,5,0,0.6875,1,325,304,21,0.397727,0.445312,3.0,LostSB
58,2003,NFC,NFC South,NO,8,8,0,0.5,2,340,326,14,0.375,0.5,,
59,2003,NFC,NFC South,TB,7,9,0,0.4375,3,301,264,37,0.4375,0.507812,,
60,2003,NFC,NFC West,ARI,4,12,0,0.25,4,225,452,-227,0.53125,0.542969,,
61,2003,NFC,NFC West,SEA,10,6,0,0.625,2,404,327,77,0.40625,0.464844,5.0,LostWC
62,2003,NFC,NFC West,SF,7,9,0,0.4375,3,384,337,47,0.473214,0.511719,,
63,2003,NFC,NFC West,LAR/STL,12,4,0,0.75,1,447,328,119,0.442708,0.433594,2.0,LostDV
64,2004,AFC,AFC East,BUF,9,7,0,0.5625,3,395,284,111,0.381944,0.511719,,
65,2004,AFC,AFC East,MIA,4,12,0,0.25,4,275,354,-79,0.4375,0.554688,,
66,2004,AFC,AFC East,NE,14,2,0,0.875,1,437,260,177,0.477679,0.492188,2.0,WonSB
67,2004,AFC,AFC East,NYJ,10,6,0,0.625,2,333,261,72,0.40625,0.523438,5.0,LostDV
68,2004,AFC,AFC North,BAL,9,7,0,0.5625,2,317,268,49,0.472222,0.550781,,
69,2004,AFC,AFC North,CIN,8,8,0,0.5,3,374,372,2,0.453125,0.542969,,
70,2004,AFC,AFC North,CLE,4,12,0,0.25,4,276,390,-114,0.46875,0.589844,,
71,2004,AFC,AFC North,PIT,15,1,0,0.9375,1,372,251,121,0.479167,0.484375,1.0,LostCC
72,2004,AFC,AFC South,HOU,7,9,0,0.4375,3,309,339,-30,0.401786,0.503906,,
73,2004,AFC,AFC South,IND,12,4,0,0.75,1,522,351,171,0.458333,0.5,3.0,LostDV
74,2004,AFC,AFC South,JAX,9,7,0,0.5625,2,261,280,-19,0.479167,0.527344,,
75,2004,AFC,AFC South,TEN,5,11,0,0.3125,4,344,439,-95,0.4625,0.511719,,
76,2004,AFC,AFC West,DEN,10,6,0,0.625,2,381,304,77,0.45,0.484375,6.0,LostWC
77,2004,AFC,AFC West,KC,7,9,0,0.4375,3,483,435,48,0.508929,0.550781,,
78,2004,AFC,AFC West,LV/OAK,5,11,0,0.3125,4,320,442,-122,0.45,0.570312,,
79,2004,AFC,AFC West,LAC/SD,12,4,0,0.75,1,446,313,133,0.411458,0.476562,4.0,LostWC
80,2004,NFC,NFC East,DAL,6,10,0,0.375,3,293,405,-112,0.375,0.515625,,
81,2004,NFC,NFC East,NYG,6,10,0,0.375,2,303,347,-44,0.416667,0.515625,,
82,2004,NFC,NFC East,PHI,13,3,0,0.8125,1,386,260,126,0.408654,0.453125,1.0,LostSB
83,2004,NFC,NFC East,WAS,6,10,0,0.375,4,240,265,-25,0.333333,0.476562,,
84,2004,NFC,NFC North,CHI,5,11,0,0.3125,4,231,331,-100,0.3875,0.464844,,
85,2004,NFC,NFC North,DET,6,10,0,0.375,3,296,350,-54,0.416667,0.496094,,
86,2004,NFC,NFC North,GB,10,6,0,0.625,1,424,380,44,0.41875,0.457031,3.0,LostWC
87,2004,NFC,NFC North,MIN,8,8,0,0.5,2,405,395,10,0.40625,0.480469,6.0,LostDV
88,2004,NFC,NFC South,ATL,11,5,0,0.6875,1,340,337,3,0.431818,0.433594,2.0,LostCC
89,2004,NFC,NFC South,CAR,7,9,0,0.4375,3,355,339,16,0.366071,0.507812,,
90,2004,NFC,NFC South,NO,8,8,0,0.5,2,348,405,-57,0.398438,0.464844,,
91,2004,NFC,NFC South,TB,5,11,0,0.3125,4,301,304,-3,0.4125,0.476562,,
92,2004,NFC,NFC West,ARI,6,10,0,0.375,3,284,322,-38,0.416667,0.460938,,
93,2004,NFC,NFC West,SEA,9,7,0,0.5625,1,371,373,-2,0.368056,0.445312,4.0,LostWC
94,2004,NFC,NFC West,SF,2,14,0,0.125,4,259,452,-193,0.375,0.488281,,
95,2004,NFC,NFC West,LAR/STL,8,8,0,0.5,2,319,392,-73,0.4375,0.488281,5.0,LostDV
96,2005,AFC,AFC East,BUF,5,11,0,0.3125,3,271,367,-96,0.45,0.5,,
97,2005,AFC,AFC East,MIA,9,7,0,0.5625,2,318,317,1,0.4375,0.457031,,
98,2005,AFC,AFC East,NE,10,6,0,0.625,1,379,338,41,0.4,0.507812,4.0,LostDV
99,2005,AFC,AFC East,NYJ,4,12,0,0.25,4,240,355,-115,0.453125,0.527344,,
100,2005,AFC,AFC North,BAL,6,10,0,0.375,3,265,299,-34,0.375,0.523438,,
101,2005,AFC,AFC North,CIN,11,5,0,0.6875,1,421,350,71,0.397727,0.476562,3.0,LostWC
102,2005,AFC,AFC North,CLE,6,10,0,0.375,4,232,301,-69,0.395833,0.507812,,
103,2005,AFC,AFC North,PIT,11,5,0,0.6875,2,389,258,131,0.414773,0.492188,6.0,WonSB
104,2005,AFC,AFC South,HOU,2,14,0,0.125,4,260,431,-171,0.34375,0.535156,,
105,2005,AFC,AFC South,IND,14,2,0,0.875,1,439,247,192,0.424107,0.457031,1.0,LostDV
106,2005,AFC,AFC South,JAX,12,4,0,0.75,2,361,269,92,0.375,0.464844,5.0,LostWC
107,2005,AFC,AFC South,TEN,4,12,0,0.25,3,299,421,-122,0.21875,0.511719,,
108,2005,AFC,AFC West,DEN,13,3,0,0.8125,1,395,258,137,0.471154,0.5,2.0,LostCC
109,2005,AFC,AFC West,KC,10,6,0,0.625,2,403,325,78,0.475,0.503906,,
110,2005,AFC,AFC West,LV/OAK,4,12,0,0.25,4,290,383,-93,0.4375,0.539062,,
111,2005,AFC,AFC West,LAC/SD,9,7,0,0.5625,3,418,312,106,0.5,0.558594,,
112,2005,NFC,NFC East,DAL,9,7,0,0.5625,3,325,308,17,0.465278,0.523438,,
113,2005,NFC,NFC East,NYG,11,5,0,0.6875,1,422,314,108,0.431818,0.492188,4.0,LostWC
114,2005,NFC,NFC East,PHI,6,10,0,0.375,4,310,388,-78,0.385417,0.53125,,
115,2005,NFC,NFC East,WAS,10,6,0,0.625,2,359,293,66,0.5,0.539062,6.0,LostDV
116,2005,NFC,NFC North,CHI,11,5,0,0.6875,1,260,202,58,0.397727,0.457031,2.0,LostDV
117,2005,NFC,NFC North,DET,5,11,0,0.3125,3,254,345,-91,0.3,0.503906,,
118,2005,NFC,NFC North,GB,4,12,0,0.25,4,298,344,-46,0.453125,0.53125,,
119,2005,NFC,NFC North,MIN,9,7,0,0.5625,2,306,344,-38,0.381944,0.484375,,
120,2005,NFC,NFC South,ATL,8,8,0,0.5,3,351,341,10,0.34375,0.492188,,
121,2005,NFC,NFC South,CAR,11,5,0,0.6875,2,391,259,132,0.409091,0.449219,5.0,LostCC
122,2005,NFC,NFC South,NO,3,13,0,0.1875,4,235,398,-163,0.416667,0.523438,,
123,2005,NFC,NFC South,TB,11,5,0,0.6875,1,300,274,26,0.426136,0.449219,3.0,LostWC
124,2005,NFC,NFC West,ARI,5,11,0,0.3125,3,311,387,-76,0.3,0.507812,,
125,2005,NFC,NFC West,SEA,13,3,0,0.8125,1,452,271,181,0.403846,0.429688,1.0,LostSB
126,2005,NFC,NFC West,SF,4,12,0,0.25,4,239,428,-189,0.390625,0.539062,,
127,2005,NFC,NFC West,LAR/STL,6,10,0,0.375,2,363,429,-66,0.364583,0.484375,,
128,2006,AFC,AFC East,BUF,7,9,0,0.4375,3,300,311,-11,0.446429,0.574219,,
129,2006,AFC,AFC East,MIA,6,10,0,0.375,4,260,283,-23,0.53125,0.542969,,
130,2006,AFC,AFC East,NE,12,4,0,0.75,1,385,237,148,0.46875,0.496094,4.0,LostCC
131,2006,AFC,AFC East,NYJ,10,6,0,0.625,2,316,295,21,0.4,0.46875,5.0,LostWC
132,2006,AFC,AFC North,BAL,13,3,0,0.8125,1,353,201,152,0.447115,0.460938,2.0,LostDV
133,2006,AFC,AFC North,CIN,8,8,0,0.5,2,373,331,42,0.453125,0.535156,,
134,2006,AFC,AFC North,CLE,4,12,0,0.25,4,238,356,-118,0.4375,0.535156,,
135,2006,AFC,AFC North,PIT,8,8,0,0.5,3,353,315,38,0.414062,0.496094,,
136,2006,AFC,AFC South,HOU,6,10,0,0.375,4,267,366,-99,0.416667,0.503906,,
137,2006,AFC,AFC South,IND,12,4,0,0.75,1,427,360,67,0.505208,0.5,3.0,WonSB
138,2006,AFC,AFC South,JAX,8,8,0,0.5,3,371,274,97,0.554688,0.53125,,
139,2006,AFC,AFC South,TEN,8,8,0,0.5,2,324,400,-76,0.484375,0.570312,,
140,2006,AFC,AFC West,DEN,9,7,0,0.5625,3,319,305,14,0.4375,0.53125,,
141,2006,AFC,AFC West,KC,9,7,0,0.5625,2,331,315,16,0.444444,0.492188,6.0,LostWC
142,2006,AFC,AFC West,LV/OAK,2,14,0,0.125,4,168,332,-164,0.40625,0.554688,,
143,2006,AFC,AFC West,LAC/SD,14,2,0,0.875,1,492,303,189,0.424107,0.457031,1.0,LostDV
144,2006,NFC,NFC East,DAL,9,7,0,0.5625,2,425,350,75,0.4375,0.457031,5.0,LostWC
145,2006,NFC,NFC East,NYG,8,8,0,0.5,3,355,362,-7,0.421875,0.519531,6.0,LostWC
146,2006,NFC,NFC East,PHI,10,6,0,0.625,1,398,328,70,0.45,0.476562,3.0,LostDV
147,2006,NFC,NFC East,WAS,5,11,0,0.3125,4,307,376,-69,0.5125,0.511719,,
148,2006,NFC,NFC North,CHI,13,3,0,0.8125,1,427,255,172,0.403846,0.429688,1.0,LostSB
149,2006,NFC,NFC North,DET,3,13,0,0.1875,4,305,398,-93,0.479167,0.523438,,
150,2006,NFC,NFC North,GB,8,8,0,0.5,2,301,366,-65,0.382812,0.5,,
151,2006,NFC,NFC North,MIN,6,10,0,0.375,3,282,327,-45,0.34375,0.488281,,
152,2006,NFC,NFC South,ATL,7,9,0,0.4375,3,292,328,-36,0.375,0.457031,,
153,2006,NFC,NFC South,CAR,8,8,0,0.5,2,270,305,-35,0.46875,0.472656,,
154,2006,NFC,NFC South,NO,10,6,0,0.625,1,413,322,91,0.425,0.460938,2.0,LostCC
155,2006,NFC,NFC South,TB,4,12,0,0.25,4,211,353,-142,0.421875,0.535156,,
156,2006,NFC,NFC West,ARI,5,11,0,0.3125,4,314,389,-75,0.425,0.5,,
157,2006,NFC,NFC West,SEA,9,7,0,0.5625,1,335,341,-6,0.381944,0.453125,4.0,LostDV
158,2006,NFC,NFC West,SF,7,9,0,0.4375,3,298,412,-114,0.410714,0.5,,
159,2006,NFC,NFC West,LAR/STL,8,8,0,0.5,2,367,381,-14,0.351562,0.464844,,
160,2007,AFC,AFC East,BUF,7,9,0,0.4375,2,252,354,-102,0.276786,0.515625,,
161,2007,AFC,AFC East,MIA,1,15,0,0.0625,4,267,437,-170,0.3125,0.539062,,
162,2007,AFC,AFC East,NE,16,0,0,1.0,1,589,274,315,0.46875,0.46875,1.0,LostSB
163,2007,AFC,AFC East,NYJ,4,12,0,0.25,3,268,355,-87,0.25,0.523438,,
164,2007,AFC,AFC North,BAL,5,11,0,0.3125,4,275,384,-109,0.375,0.515625,,
165,2007,AFC,AFC North,CIN,7,9,0,0.4375,3,380,385,-5,0.339286,0.460938,,
166,2007,AFC,AFC North,CLE,10,6,0,0.625,2,402,382,20,0.34375,0.429688,,
167,2007,AFC,AFC North,PIT,10,6,0,0.625,1,393,269,124,0.40625,0.453125,4.0,LostWC
168,2007,AFC,AFC South,HOU,8,8,0,0.5,4,379,384,-5,0.390625,0.515625,,
169,2007,AFC,AFC South,IND,13,3,0,0.8125,1,450,262,188,0.456731,0.515625,2.0,LostDV
170,2007,AFC,AFC South,JAX,11,5,0,0.6875,2,411,304,107,0.460227,0.515625,5.0,LostDV
171,2007,AFC,AFC South,TEN,10,6,0,0.625,3,301,297,4,0.4375,0.5,6.0,LostWC
172,2007,AFC,AFC West,DEN,7,9,0,0.4375,2,320,409,-89,0.419643,0.515625,,
173,2007,AFC,AFC West,KC,4,12,0,0.25,3,226,335,-109,0.46875,0.515625,,
174,2007,AFC,AFC West,LV/OAK,4,12,0,0.25,4,283,398,-115,0.34375,0.515625,,
175,2007,AFC,AFC West,LAC/SD,11,5,0,0.6875,1,412,284,128,0.431818,0.5,3.0,LostCC
176,2007,NFC,NFC East,DAL,13,3,0,0.8125,1,455,325,130,0.451923,0.496094,1.0,LostDV
177,2007,NFC,NFC East,NYG,10,6,0,0.625,2,373,351,22,0.375,0.515625,5.0,WonSB
178,2007,NFC,NFC East,PHI,8,8,0,0.5,4,336,300,36,0.4375,0.5625,,
179,2007,NFC,NFC East,WAS,9,7,0,0.5625,3,334,310,24,0.458333,0.554688,6.0,LostWC
180,2007,NFC,NFC North,CHI,7,9,0,0.4375,4,334,348,-14,0.5,0.542969,,
181,2007,NFC,NFC North,DET,7,9,0,0.4375,3,346,444,-98,0.410714,0.542969,,
182,2007,NFC,NFC North,GB,13,3,0,0.8125,1,435,291,144,0.447115,0.46875,2.0,LostCC
183,2007,NFC,NFC North,MIN,8,8,0,0.5,2,365,311,54,0.429688,0.503906,,
184,2007,NFC,NFC South,ATL,4,12,0,0.25,4,259,414,-155,0.46875,0.515625,,
185,2007,NFC,NFC South,CAR,7,9,0,0.4375,2,267,347,-80,0.410714,0.523438,,
186,2007,NFC,NFC South,NO,7,9,0,0.4375,3,379,388,-9,0.4375,0.480469,,
187,2007,NFC,NFC South,TB,9,7,0,0.5625,1,334,270,64,0.409722,0.46875,4.0,LostWC
188,2007,NFC,NFC West,ARI,8,8,0,0.5,2,404,399,5,0.421875,0.433594,,
189,2007,NFC,NFC West,SEA,10,6,0,0.625,1,393,291,102,0.375,0.414062,3.0,LostDV
190,2007,NFC,NFC West,SF,5,11,0,0.3125,3,219,364,-145,0.4375,0.464844,,
191,2007,NFC,NFC West,LAR/STL,3,13,0,0.1875,4,263,438,-175,0.333333,0.511719,,
192,2008,AFC,AFC East,BUF,7,9,0,0.4375,4,336,342,-6,0.303571,0.453125,,
193,2008,AFC,AFC East,MIA,11,5,0,0.6875,1,345,317,28,0.397727,0.460938,3.0,LostWC
194,2008,AFC,AFC East,NE,11,5,0,0.6875,2,410,309,101,0.403409,0.480469,,
195,2008,AFC,AFC East,NYJ,9,7,0,0.5625,3,405,356,49,0.458333,0.46875,,
196,2008,AFC,AFC North,BAL,11,5,0,0.6875,2,385,244,141,0.403409,0.515625,6.0,LostCC
197,2008,AFC,AFC North,CIN,4,11,1,0.28125,3,204,364,-160,0.296875,0.550781,,
198,2008,AFC,AFC North,CLE,4,12,0,0.25,4,232,350,-118,0.4375,0.566406,,
199,2008,AFC,AFC North,PIT,12,4,0,0.75,1,347,223,124,0.453125,0.519531,2.0,WonSB
200,2008,AFC,AFC South,HOU,8,8,0,0.5,3,366,394,-28,0.40625,0.515625,,
201,2008,AFC,AFC South,IND,12,4,0,0.75,2,377,298,79,0.489583,0.496094,5.0,LostWC
202,2008,AFC,AFC South,JAX,5,11,0,0.3125,4,302,367,-65,0.425,0.535156,,
203,2008,AFC,AFC South,TEN,13,3,0,0.8125,1,375,234,141,0.423077,0.457031,1.0,LostDV
204,2008,AFC,AFC West,DEN,8,8,0,0.5,2,370,448,-78,0.4375,0.457031,,
205,2008,AFC,AFC West,KC,2,14,0,0.125,4,291,440,-149,0.40625,0.535156,,
206,2008,AFC,AFC West,LV/OAK,5,11,0,0.3125,3,263,388,-125,0.45,0.519531,,
207,2008,AFC,AFC West,LAC/SD,8,8,0,0.5,1,439,347,92,0.398438,0.515625,4.0,LostDV
208,2008,NFC,NFC East,DAL,9,7,0,0.5625,3,362,365,-3,0.4375,0.492188,,
209,2008,NFC,NFC East,NYG,12,4,0,0.75,1,427,294,133,0.494792,0.496094,1.0,LostDV
210,2008,NFC,NFC East,PHI,9,6,1,0.59375,2,416,289,127,0.486111,0.511719,6.0,LostCC
211,2008,NFC,NFC East,WAS,8,8,0,0.5,4,265,296,-31,0.40625,0.472656,,
212,2008,NFC,NFC North,CHI,9,7,0,0.5625,2,375,350,25,0.361111,0.472656,,
213,2008,NFC,NFC North,DET,0,16,0,0.0,4,268,517,-249,0.0,0.558594,,
214,2008,NFC,NFC North,GB,6,10,0,0.375,3,419,380,39,0.364583,0.503906,,
215,2008,NFC,NFC North,MIN,10,6,0,0.625,1,379,333,46,0.43125,0.503906,3.0,LostWC
216,2008,NFC,NFC South,ATL,11,5,0,0.6875,2,391,325,66,0.403409,0.457031,5.0,LostWC
217,2008,NFC,NFC South,CAR,12,4,0,0.75,1,414,329,85,0.432292,0.488281,2.0,LostDV
218,2008,NFC,NFC South,NO,8,8,0,0.5,4,463,393,70,0.375,0.496094,,
219,2008,NFC,NFC South,TB,9,7,0,0.5625,3,361,323,38,0.430556,0.480469,,
220,2008,NFC,NFC West,ARI,9,7,0,0.5625,1,427,426,1,0.368056,0.484375,4.0,LostSB
221,2008,NFC,NFC West,SEA,4,12,0,0.25,3,294,392,-98,0.3125,0.496094,,
222,2008,NFC,NFC West,SF,7,9,0,0.4375,2,339,381,-42,0.285714,0.445312,,
223,2008,NFC,NFC West,LAR/STL,2,14,0,0.125,4,232,465,-233,0.53125,0.53125,,
224,2009,AFC,AFC East,BUF,6,10,0,0.375,4,258,326,-68,0.46875,0.515625,,
225,2009,AFC,AFC East,MIA,7,9,0,0.4375,3,360,390,-30,0.464286,0.558594,,
226,2009,AFC,AFC East,NE,10,6,0,0.625,1,427,285,142,0.45,0.515625,3.0,LostWC
227,2009,AFC,AFC East,NYJ,9,7,0,0.5625,2,348,236,112,0.506944,0.515625,5.0,LostCC
228,2009,AFC,AFC North,BAL,9,7,0,0.5625,2,391,261,130,0.402778,0.523438,6.0,LostDV
229,2009,AFC,AFC North,CIN,10,6,0,0.625,1,305,291,14,0.4375,0.492188,4.0,LostWC
230,2009,AFC,AFC North,CLE,5,11,0,0.3125,4,245,375,-130,0.3875,0.511719,,
231,2009,AFC,AFC North,PIT,9,7,0,0.5625,3,368,324,44,0.520833,0.488281,,
232,2009,AFC,AFC South,HOU,9,7,0,0.5625,2,388,333,55,0.416667,0.503906,,
233,2009,AFC,AFC South,IND,14,2,0,0.875,1,416,307,109,0.473214,0.472656,1.0,LostSB
234,2009,AFC,AFC South,JAX,7,9,0,0.4375,4,290,380,-90,0.410714,0.496094,,
235,2009,AFC,AFC South,TEN,8,8,0,0.5,3,354,402,-48,0.414062,0.539062,,
236,2009,AFC,AFC West,DEN,8,8,0,0.5,2,326,324,2,0.515625,0.527344,,
237,2009,AFC,AFC West,KC,4,12,0,0.25,4,294,424,-130,0.40625,0.515625,,
238,2009,AFC,AFC West,LV/OAK,5,11,0,0.3125,3,197,379,-182,0.525,0.527344,,
239,2009,AFC,AFC West,LAC/SD,13,3,0,0.8125,1,454,320,134,0.432692,0.453125,2.0,LostDV
240,2009,NFC,NFC East,DAL,11,5,0,0.6875,1,361,250,111,0.4375,0.488281,3.0,LostDV
241,2009,NFC,NFC East,NYG,8,8,0,0.5,3,402,427,-25,0.398438,0.535156,,
242,2009,NFC,NFC East,PHI,11,5,0,0.6875,2,429,337,92,0.403409,0.484375,6.0,LostWC
243,2009,NFC,NFC East,WAS,4,12,0,0.25,4,266,336,-70,0.265625,0.492188,,
244,2009,NFC,NFC North,CHI,7,9,0,0.4375,3,327,375,-48,0.321429,0.496094,,
245,2009,NFC,NFC North,DET,2,14,0,0.125,4,262,494,-232,0.28125,0.523438,,
246,2009,NFC,NFC North,GB,11,5,0,0.6875,2,461,297,164,0.380682,0.441406,5.0,LostWC
247,2009,NFC,NFC North,MIN,12,4,0,0.75,1,470,312,158,0.411458,0.441406,2.0,LostCC
248,2009,NFC,NFC South,ATL,9,7,0,0.5625,2,363,325,38,0.381944,0.503906,,
249,2009,NFC,NFC South,CAR,8,8,0,0.5,3,315,308,7,0.484375,0.539062,,
250,2009,NFC,NFC South,NO,13,3,0,0.8125,1,510,341,169,0.418269,0.425781,1.0,WonSB
251,2009,NFC,NFC South,TB,3,13,0,0.1875,4,244,400,-156,0.604167,0.554688,,
252,2009,NFC,NFC West,ARI,10,6,0,0.625,1,375,325,50,0.35625,0.445312,4.0,LostDV
253,2009,NFC,NFC West,SEA,5,11,0,0.3125,3,280,390,-110,0.2375,0.476562,,
254,2009,NFC,NFC West,SF,8,8,0,0.5,2,330,281,49,0.335938,0.476562,,
255,2009,NFC,NFC West,LAR/STL,1,15,0,0.0625,4,175,436,-261,0.125,0.519531,,
256,2010,AFC,AFC East,BUF,4,12,0,0.25,4,283,425,-142,0.34375,0.578125,,
257,2010,AFC,AFC East,MIA,7,9,0,0.4375,3,273,333,-60,0.4375,0.539062,,
258,2010,AFC,AFC East,NE,14,2,0,0.875,1,518,313,205,0.504464,0.503906,1.0,LostDV
259,2010,AFC,AFC East,NYJ,11,5,0,0.6875,2,367,304,63,0.409091,0.492188,6.0,LostCC
260,2010,AFC,AFC North,BAL,12,4,0,0.75,2,357,270,87,0.421875,0.484375,5.0,LostDV
261,2010,AFC,AFC North,CIN,4,12,0,0.25,4,322,395,-73,0.4375,0.582031,,
262,2010,AFC,AFC North,CLE,5,11,0,0.3125,3,271,332,-61,0.475,0.570312,,
263,2010,AFC,AFC North,PIT,12,4,0,0.75,1,375,232,143,0.416667,0.5,2.0,LostSB
264,2010,AFC,AFC South,HOU,6,10,0,0.375,3,390,427,-37,0.5,0.523438,,
265,2010,AFC,AFC South,IND,10,6,0,0.625,1,435,388,47,0.425,0.472656,3.0,LostWC
266,2010,AFC,AFC South,JAX,8,8,0,0.5,2,353,419,-66,0.382812,0.453125,,
267,2010,AFC,AFC South,TEN,6,10,0,0.375,4,356,339,17,0.5,0.507812,,
268,2010,AFC,AFC West,DEN,4,12,0,0.25,4,344,471,-127,0.453125,0.515625,,
269,2010,AFC,AFC West,KC,10,6,0,0.625,1,366,326,40,0.38125,0.414062,4.0,LostWC
270,2010,AFC,AFC West,LV/OAK,8,8,0,0.5,3,410,371,39,0.46875,0.46875,,
271,2010,AFC,AFC West,LAC/SD,9,7,0,0.5625,2,441,322,119,0.409722,0.457031,,
272,2010,NFC,NFC East,DAL,6,10,0,0.375,3,394,436,-42,0.5,0.511719,,
273,2010,NFC,NFC East,NYG,10,6,0,0.625,2,394,347,47,0.4,0.453125,,
274,2010,NFC,NFC East,PHI,10,6,0,0.625,1,439,377,62,0.50625,0.492188,3.0,LostWC
275,2010,NFC,NFC East,WAS,6,10,0,0.375,4,302,377,-75,0.53125,0.515625,,
276,2010,NFC,NFC North,CHI,11,5,0,0.6875,1,334,286,48,0.420455,0.472656,2.0,LostCC
277,2010,NFC,NFC North,DET,6,10,0,0.375,3,362,369,-7,0.479167,0.542969,,
278,2010,NFC,NFC North,GB,10,6,0,0.625,2,388,240,148,0.475,0.519531,6.0,WonSB
279,2010,NFC,NFC North,MIN,6,10,0,0.375,4,281,348,-67,0.385417,0.539062,,
280,2010,NFC,NFC South,ATL,13,3,0,0.8125,1,414,288,126,0.4375,0.484375,1.0,LostDV
281,2010,NFC,NFC South,CAR,2,14,0,0.125,4,196,408,-212,0.34375,0.574219,,
282,2010,NFC,NFC South,NO,11,5,0,0.6875,2,384,307,77,0.426136,0.46875,5.0,LostWC
283,2010,NFC,NFC South,TB,10,6,0,0.625,3,341,318,23,0.34375,0.476562,,
284,2010,NFC,NFC West,ARI,5,11,0,0.3125,4,289,434,-145,0.45,0.464844,,
285,2010,NFC,NFC West,SEA,7,9,0,0.4375,1,310,407,-97,0.401786,0.484375,4.0,LostDV
286,2010,NFC,NFC West,SF,6,10,0,0.375,3,305,346,-41,0.375,0.488281,,
287,2010,NFC,NFC West,LAR/STL,7,9,0,0.4375,2,289,328,-39,0.348214,0.449219,,
288,2011,AFC,AFC East,BUF,6,10,0,0.375,4,372,434,-62,0.510417,0.519531,,
289,2011,AFC,AFC East,MIA,6,10,0,0.375,3,329,313,16,0.416667,0.503906,,
290,2011,AFC,AFC East,NE,13,3,0,0.8125,1,513,342,171,0.423077,0.449219,1.0,LostSB
291,2011,AFC,AFC East,NYJ,8,8,0,0.5,2,377,363,14,0.398438,0.5,,
292,2011,AFC,AFC North,BAL,12,4,0,0.75,1,378,266,112,0.484375,0.476562,2.0,LostCC
293,2011,AFC,AFC North,CIN,9,7,0,0.5625,3,344,323,21,0.326389,0.492188,6.0,LostWC
294,2011,AFC,AFC North,CLE,4,12,0,0.25,4,218,307,-89,0.3125,0.53125,,
295,2011,AFC,AFC North,PIT,12,4,0,0.75,2,325,227,98,0.411458,0.492188,5.0,LostWC
296,2011,AFC,AFC South,HOU,10,6,0,0.625,1,381,278,103,0.4125,0.453125,3.0,LostDV
297,2011,AFC,AFC South,IND,2,14,0,0.125,4,243,430,-187,0.59375,0.539062,,
298,2011,AFC,AFC South,JAX,5,11,0,0.3125,3,243,329,-86,0.3625,0.5,,
299,2011,AFC,AFC South,TEN,9,7,0,0.5625,2,325,317,8,0.395833,0.460938,,
300,2011,AFC,AFC West,DEN,8,8,0,0.5,1,309,390,-81,0.445312,0.519531,4.0,LostDV
301,2011,AFC,AFC West,KC,7,9,0,0.4375,4,212,338,-126,0.464286,0.511719,,
302,2011,AFC,AFC West,LV/OAK,8,8,0,0.5,3,359,433,-74,0.4375,0.503906,,
303,2011,AFC,AFC West,LAC/SD,8,8,0,0.5,2,406,377,29,0.429688,0.515625,,
304,2011,NFC,NFC East,DAL,8,8,0,0.5,3,369,347,22,0.375,0.472656,,
305,2011,NFC,NFC East,NYG,9,7,0,0.5625,1,394,400,-6,0.465278,0.519531,4.0,WonSB
306,2011,NFC,NFC East,PHI,8,8,0,0.5,2,396,328,68,0.398438,0.488281,,
307,2011,NFC,NFC East,WAS,5,11,0,0.3125,4,288,367,-79,0.4375,0.476562,,
308,2011,NFC,NFC North,CHI,8,8,0,0.5,3,353,341,12,0.40625,0.527344,,
309,2011,NFC,NFC North,DET,10,6,0,0.625,2,474,387,87,0.39375,0.535156,6.0,LostWC
310,2011,NFC,NFC North,GB,15,1,0,0.9375,1,560,359,201,0.458333,0.457031,1.0,LostDV
311,2011,NFC,NFC North,MIN,3,13,0,0.1875,4,340,449,-109,0.395833,0.558594,,
312,2011,NFC,NFC South,ATL,10,6,0,0.625,2,402,350,52,0.375,0.480469,5.0,LostWC
313,2011,NFC,NFC South,CAR,6,10,0,0.375,3,406,429,-23,0.3125,0.503906,,
314,2011,NFC,NFC South,NO,13,3,0,0.8125,1,547,339,208,0.442308,0.441406,3.0,LostDV
315,2011,NFC,NFC South,TB,4,12,0,0.25,4,287,494,-207,0.4375,0.550781,,
316,2011,NFC,NFC West,ARI,8,8,0,0.5,2,312,348,-36,0.390625,0.46875,,
317,2011,NFC,NFC West,SEA,7,9,0,0.4375,3,321,315,6,0.4375,0.511719,,
318,2011,NFC,NFC West,SF,13,3,0,0.8125,1,380,229,151,0.418269,0.449219,2.0,LostCC
319,2011,NFC,NFC West,LAR/STL,2,14,0,0.125,4,193,407,-214,0.53125,0.589844,,
320,2012,AFC,AFC East,BUF,6,10,0,0.375,4,344,435,-91,0.28125,0.476562,,
321,2012,AFC,AFC East,MIA,7,9,0,0.4375,2,288,317,-29,0.410714,0.496094,,
322,2012,AFC,AFC East,NE,12,4,0,0.75,1,557,331,226,0.463542,0.492188,2.0,LostCC
323,2012,AFC,AFC East,NYJ,6,10,0,0.375,3,281,375,-94,0.395833,0.507812,,
324,2012,AFC,AFC North,BAL,10,6,0,0.625,1,398,344,54,0.4375,0.496094,4.0,WonSB
325,2012,AFC,AFC North,CIN,10,6,0,0.625,2,391,320,71,0.38125,0.4375,6.0,LostWC
326,2012,AFC,AFC North,CLE,5,11,0,0.3125,4,302,368,-66,0.3875,0.507812,,
327,2012,AFC,AFC North,PIT,8,8,0,0.5,3,336,314,22,0.4375,0.464844,,
328,2012,AFC,AFC South,HOU,12,4,0,0.75,1,416,331,85,0.432292,0.496094,3.0,LostDV
329,2012,AFC,AFC South,IND,11,5,0,0.6875,2,357,387,-30,0.403409,0.441406,5.0,LostWC
330,2012,AFC,AFC South,JAX,2,14,0,0.125,4,255,444,-189,0.53125,0.539062,,
331,2012,AFC,AFC South,TEN,6,10,0,0.375,3,330,471,-141,0.34375,0.511719,,
332,2012,AFC,AFC West,DEN,13,3,0,0.8125,1,481,289,192,0.384615,0.457031,1.0,LostDV
333,2012,AFC,AFC West,KC,2,14,0,0.125,4,211,425,-214,0.4375,0.515625,,
334,2012,AFC,AFC West,LV/OAK,4,12,0,0.25,3,290,443,-153,0.21875,0.46875,,
335,2012,AFC,AFC West,LAC/SD,7,9,0,0.4375,2,350,350,0,0.285714,0.457031,,
336,2012,NFC,NFC East,DAL,8,8,0,0.5,3,376,400,-24,0.421875,0.523438,,
337,2012,NFC,NFC East,NYG,9,7,0,0.5625,2,429,344,85,0.486111,0.519531,,
338,2012,NFC,NFC East,PHI,4,12,0,0.25,4,280,444,-164,0.484375,0.507812,,
339,2012,NFC,NFC East,WAS,10,6,0,0.625,1,436,388,48,0.45,0.492188,4.0,LostWC
340,2012,NFC,NFC North,CHI,10,6,0,0.625,3,375,277,98,0.4,0.507812,,
341,2012,NFC,NFC North,DET,4,12,0,0.25,4,372,437,-65,0.375,0.5625,,
342,2012,NFC,NFC North,GB,11,5,0,0.6875,1,433,336,97,0.4375,0.503906,3.0,LostDV
343,2012,NFC,NFC North,MIN,10,6,0,0.625,2,379,348,31,0.45,0.515625,6.0,LostWC
344,2012,NFC,NFC South,ATL,13,3,0,0.8125,1,419,299,120,0.418269,0.421875,1.0,LostCC
345,2012,NFC,NFC South,CAR,7,9,0,0.4375,2,357,363,-6,0.464286,0.515625,,
346,2012,NFC,NFC South,NO,7,9,0,0.4375,3,461,454,7,0.446429,0.519531,,
347,2012,NFC,NFC South,TB,7,9,0,0.4375,4,389,394,-5,0.446429,0.5,,
348,2012,NFC,NFC West,ARI,5,11,0,0.3125,4,250,357,-107,0.475,0.550781,,
349,2012,NFC,NFC West,SEA,11,5,0,0.6875,2,412,245,167,0.528409,0.496094,5.0,LostDV
350,2012,NFC,NFC West,SF,11,4,1,0.71875,1,397,273,124,0.477273,0.5,2.0,LostSB
351,2012,NFC,NFC West,LAR/STL,7,8,1,0.46875,3,299,348,-49,0.491071,0.535156,,
352,2013,AFC,AFC East,BUF,6,10,0,0.375,4,339,388,-49,0.5,0.519531,,
353,2013,AFC,AFC East,MIA,8,8,0,0.5,3,317,335,-18,0.523438,0.523438,,
354,2013,AFC,AFC East,NE,12,4,0,0.75,1,444,338,106,0.427083,0.472656,2.0,LostCC
355,2013,AFC,AFC East,NYJ,8,8,0,0.5,2,290,387,-97,0.414062,0.488281,,
356,2013,AFC,AFC North,BAL,8,8,0,0.5,3,320,352,-32,0.417969,0.484375,,
357,2013,AFC,AFC North,CIN,11,5,0,0.6875,1,430,305,125,0.494318,0.480469,3.0,LostWC
358,2013,AFC,AFC North,CLE,4,12,0,0.25,4,308,406,-98,0.476562,0.515625,,
359,2013,AFC,AFC North,PIT,8,8,0,0.5,2,379,370,9,0.441406,0.46875,,
360,2013,AFC,AFC South,HOU,2,14,0,0.125,4,276,428,-152,0.5,0.558594,,
361,2013,AFC,AFC South,IND,11,5,0,0.6875,1,391,336,55,0.448864,0.484375,4.0,LostDV
362,2013,AFC,AFC South,JAX,4,12,0,0.25,3,247,449,-202,0.234375,0.503906,,
363,2013,AFC,AFC South,TEN,7,9,0,0.4375,2,362,381,-19,0.375,0.503906,,
364,2013,AFC,AFC West,DEN,13,3,0,0.8125,1,606,399,207,0.423077,0.46875,1.0,LostSB
365,2013,AFC,AFC West,KC,11,5,0,0.6875,2,430,305,125,0.335227,0.445312,5.0,LostWC
366,2013,AFC,AFC West,LV/OAK,4,12,0,0.25,4,322,453,-131,0.359375,0.523438,,
367,2013,AFC,AFC West,LAC/SD,9,7,0,0.5625,3,396,348,48,0.548611,0.496094,6.0,LostDV
368,2013,NFC,NFC East,DAL,8,8,0,0.5,2,439,432,7,0.363281,0.484375,,
369,2013,NFC,NFC East,NYG,7,9,0,0.4375,3,294,383,-89,0.366071,0.519531,,
370,2013,NFC,NFC East,PHI,10,6,0,0.625,1,442,382,60,0.390625,0.453125,3.0,LostWC
371,2013,NFC,NFC East,WAS,3,13,0,0.1875,4,334,478,-144,0.4375,0.515625,,
372,2013,NFC,NFC North,CHI,8,8,0,0.5,2,445,478,-33,0.46875,0.464844,,
373,2013,NFC,NFC North,DET,7,9,0,0.4375,3,395,376,19,0.401786,0.457031,,
374,2013,NFC,NFC North,GB,8,7,1,0.53125,1,417,428,-11,0.371094,0.453125,4.0,LostWC
375,2013,NFC,NFC North,MIN,5,10,1,0.34375,4,391,480,-89,0.45,0.511719,,
376,2013,NFC,NFC South,ATL,4,12,0,0.25,3,353,443,-90,0.3125,0.552734,,
377,2013,NFC,NFC South,CAR,12,4,0,0.75,1,366,241,125,0.450521,0.494141,2.0,LostDV
378,2013,NFC,NFC South,NO,11,5,0,0.6875,2,414,304,110,0.454545,0.515625,6.0,LostDV
379,2013,NFC,NFC South,TB,4,12,0,0.25,4,288,389,-101,0.390625,0.574219,,
380,2013,NFC,NFC West,ARI,10,6,0,0.625,3,379,324,55,0.44375,0.53125,,
381,2013,NFC,NFC West,SEA,13,3,0,0.8125,1,417,231,186,0.444712,0.490234,1.0,WonSB
382,2013,NFC,NFC West,SF,12,4,0,0.75,2,406,272,134,0.414062,0.494141,5.0,LostCC
383,2013,NFC,NFC West,LAR/STL,7,9,0,0.4375,4,348,364,-16,0.446429,0.550781,,
384,2014,AFC,AFC East,BUF,9,7,0,0.5625,2,343,289,54,0.486111,0.515625,,
385,2014,AFC,AFC East,MIA,8,8,0,0.5,3,388,373,15,0.40625,0.511719,,
386,2014,AFC,AFC East,NE,12,4,0,0.75,1,468,313,155,0.484375,0.511719,1.0,WonSB
387,2014,AFC,AFC East,NYJ,4,12,0,0.25,4,283,401,-118,0.375,0.542969,,
388,2014,AFC,AFC North,BAL,10,6,0,0.625,3,409,302,107,0.375,0.46875,6.0,LostDV
389,2014,AFC,AFC North,CIN,10,5,1,0.65625,2,365,344,21,0.425,0.496094,5.0,LostWC
390,2014,AFC,AFC North,CLE,7,9,0,0.4375,4,299,337,-38,0.366071,0.472656,,
391,2014,AFC,AFC North,PIT,11,5,0,0.6875,1,436,368,68,0.477273,0.445312,3.0,LostWC
392,2014,AFC,AFC South,HOU,9,7,0,0.5625,2,372,307,65,0.298611,0.445312,,
393,2014,AFC,AFC South,IND,11,5,0,0.6875,1,458,369,89,0.369318,0.476562,4.0,LostCC
394,2014,AFC,AFC South,JAX,3,13,0,0.1875,3,249,412,-163,0.3125,0.511719,,
395,2014,AFC,AFC South,TEN,2,14,0,0.125,4,254,438,-184,0.375,0.503906,,
396,2014,AFC,AFC West,DEN,12,4,0,0.75,1,482,354,128,0.484375,0.519531,2.0,LostDV
397,2014,AFC,AFC West,KC,9,7,0,0.5625,2,353,281,72,0.5,0.511719,,
398,2014,AFC,AFC West,LV/OAK,3,13,0,0.1875,4,253,452,-199,0.541667,0.570312,,
399,2014,AFC,AFC West,LAC/SD,9,7,0,0.5625,3,348,348,0,0.402778,0.511719,,
400,2014,NFC,NFC East,DAL,12,4,0,0.75,1,467,352,115,0.421875,0.445312,3.0,LostDV
401,2014,NFC,NFC East,NYG,6,10,0,0.375,3,380,400,-20,0.322917,0.511719,,
402,2014,NFC,NFC East,PHI,10,6,0,0.625,2,474,400,74,0.4125,0.488281,,
403,2014,NFC,NFC East,WAS,4,12,0,0.25,4,301,438,-137,0.421875,0.496094,,
404,2014,NFC,NFC North,CHI,5,11,0,0.3125,4,319,442,-123,0.3375,0.527344,,
405,2014,NFC,NFC North,DET,11,5,0,0.6875,2,321,282,39,0.392045,0.46875,6.0,LostWC
406,2014,NFC,NFC North,GB,12,4,0,0.75,1,486,348,138,0.4375,0.480469,2.0,LostCC
407,2014,NFC,NFC North,MIN,7,9,0,0.4375,3,325,343,-18,0.303571,0.472656,,
408,2014,NFC,NFC South,ATL,6,10,0,0.375,3,381,417,-36,0.375,0.476562,,
409,2014,NFC,NFC South,CAR,7,8,1,0.46875,1,339,374,-35,0.357143,0.488281,4.0,LostDV
410,2014,NFC,NFC South,NO,7,9,0,0.4375,2,401,424,-23,0.410714,0.480469,,
411,2014,NFC,NFC South,TB,2,14,0,0.125,4,277,410,-133,0.46875,0.480469,,
412,2014,NFC,NFC West,ARI,11,5,0,0.6875,2,310,299,11,0.477273,0.523438,5.0,LostWC
413,2014,NFC,NFC West,SEA,12,4,0,0.75,1,394,254,140,0.510417,0.523438,1.0,LostSB
414,2014,NFC,NFC West,SF,8,8,0,0.5,3,306,340,-34,0.507812,0.527344,,
415,2014,NFC,NFC West,LAR/STL,6,10,0,0.375,4,324,354,-30,0.427083,0.53125,,
416,2015,AFC,AFC East,BUF,8,8,0,0.5,3,379,359,20,0.4375,0.507812,,
417,2015,AFC,AFC East,MIA,6,10,0,0.375,4,310,389,-79,0.46875,0.46875,,
418,2015,AFC,AFC East,NE,12,4,0,0.75,1,465,315,150,0.447917,0.472656,2.0,LostCC
419,2015,AFC,AFC East,NYJ,10,6,0,0.625,2,387,314,73,0.3875,0.441406,,
420,2015,AFC,AFC North,BAL,5,11,0,0.3125,3,328,401,-73,0.425,0.507812,,
421,2015,AFC,AFC North,CIN,12,4,0,0.75,1,419,279,140,0.40625,0.476562,3.0,LostWC
422,2015,AFC,AFC North,CLE,3,13,0,0.1875,4,278,432,-154,0.270833,0.53125,,
423,2015,AFC,AFC North,PIT,10,6,0,0.625,2,423,319,104,0.4625,0.503906,6.0,LostDV
424,2015,AFC,AFC South,HOU,9,7,0,0.5625,1,339,313,26,0.409722,0.496094,4.0,LostWC
425,2015,AFC,AFC South,IND,8,8,0,0.5,2,333,408,-75,0.40625,0.5,,
426,2015,AFC,AFC South,JAX,5,11,0,0.3125,3,376,448,-72,0.375,0.472656,,
427,2015,AFC,AFC South,TEN,3,13,0,0.1875,4,299,423,-124,0.375,0.492188,,
428,2015,AFC,AFC West,DEN,12,4,0,0.75,1,355,296,59,0.479167,0.5,1.0,WonSB
429,2015,AFC,AFC West,KC,11,5,0,0.6875,2,405,287,118,0.431818,0.496094,5.0,LostDV
430,2015,AFC,AFC West,LV/OAK,7,9,0,0.4375,3,359,399,-40,0.366071,0.511719,,
431,2015,AFC,AFC West,LAC/SD,4,12,0,0.25,4,320,398,-78,0.328125,0.527344,,
432,2015,NFC,NFC East,DAL,4,12,0,0.25,4,275,374,-99,0.4375,0.53125,,
433,2015,NFC,NFC East,NYG,6,10,0,0.375,3,420,442,-22,0.395833,0.5,,
434,2015,NFC,NFC East,PHI,7,9,0,0.4375,2,377,430,-53,0.473214,0.507812,,
435,2015,NFC,NFC East,WAS,9,7,0,0.5625,1,388,379,9,0.402778,0.464844,4.0,LostWC
436,2015,NFC,NFC North,CHI,6,10,0,0.375,4,335,397,-62,0.46875,0.546875,,
437,2015,NFC,NFC North,DET,7,9,0,0.4375,3,358,400,-42,0.428571,0.535156,,
438,2015,NFC,NFC North,GB,10,6,0,0.625,2,368,323,45,0.45,0.53125,5.0,LostDV
439,2015,NFC,NFC North,MIN,11,5,0,0.6875,1,365,302,63,0.448864,0.503906,3.0,LostWC
440,2015,NFC,NFC South,ATL,8,8,0,0.5,2,339,345,-6,0.453125,0.480469,,
441,2015,NFC,NFC South,CAR,15,1,0,0.9375,1,500,308,192,0.4375,0.441406,1.0,LostSB
442,2015,NFC,NFC South,NO,7,9,0,0.4375,3,408,476,-68,0.401786,0.503906,,
443,2015,NFC,NFC South,TB,6,10,0,0.375,4,342,417,-75,0.40625,0.484375,,
444,2015,NFC,NFC West,ARI,13,3,0,0.8125,1,489,313,176,0.456731,0.476562,2.0,LostCC
445,2015,NFC,NFC West,SEA,10,6,0,0.625,2,423,277,146,0.43125,0.519531,6.0,LostDV
446,2015,NFC,NFC West,SF,5,11,0,0.3125,4,238,387,-149,0.4625,0.539062,,
447,2015,NFC,NFC West,LAR/STL,7,9,0,0.4375,3,280,330,-50,0.482143,0.527344,,
448,2016,AFC,AFC East,BUF,7,9,0,0.4375,3,399,378,21,0.339286,0.482422,,
449,2016,AFC,AFC East,MIA,10,6,0,0.625,2,363,380,-17,0.340625,0.455078,6.0,LostWC
450,2016,AFC,AFC East,NE,14,2,0,0.875,1,441,250,191,0.424107,0.439453,1.0,WonSB
451,2016,AFC,AFC East,NYJ,5,11,0,0.3125,4,275,409,-134,0.3125,0.517578,,
452,2016,AFC,AFC North,BAL,8,8,0,0.5,2,343,321,22,0.363281,0.498047,,
453,2016,AFC,AFC North,CIN,6,9,1,0.40625,3,325,315,10,0.333333,0.521484,,
454,2016,AFC,AFC North,CLE,1,15,0,0.0625,4,264,452,-188,0.3125,0.548828,,
455,2016,AFC,AFC North,PIT,11,5,0,0.6875,1,399,327,72,0.423295,0.494141,3.0,LostCC
456,2016,AFC,AFC South,HOU,9,7,0,0.5625,1,279,328,-49,0.427083,0.501953,4.0,LostDV
457,2016,AFC,AFC South,IND,8,8,0,0.5,3,411,392,19,0.40625,0.492188,,
458,2016,AFC,AFC South,JAX,3,13,0,0.1875,4,318,400,-82,0.416667,0.527344,,
459,2016,AFC,AFC South,TEN,9,7,0,0.5625,2,381,378,3,0.458333,0.464844,,
460,2016,AFC,AFC West,DEN,9,7,0,0.5625,3,333,297,36,0.454861,0.548828,,
461,2016,AFC,AFC West,KC,12,4,0,0.75,1,389,311,78,0.479167,0.507812,2.0,LostDV
462,2016,AFC,AFC West,LV/OAK,12,4,0,0.75,2,416,385,31,0.442708,0.503906,5.0,LostWC
463,2016,AFC,AFC West,LAC/SD,5,11,0,0.3125,4,410,423,-13,0.5125,0.542969,,
464,2016,NFC,NFC East,DAL,13,3,0,0.8125,1,421,306,115,0.439904,0.470703,1.0,LostDV
465,2016,NFC,NFC East,NYG,11,5,0,0.6875,2,310,284,26,0.454545,0.486328,5.0,LostWC
466,2016,NFC,NFC East,PHI,7,9,0,0.4375,4,367,331,36,0.517857,0.558594,,
467,2016,NFC,NFC East,WAS,8,7,1,0.53125,3,396,383,13,0.429688,0.515625,,
468,2016,NFC,NFC North,CHI,3,13,0,0.1875,4,279,399,-120,0.395833,0.521484,,
469,2016,NFC,NFC North,DET,9,7,0,0.5625,2,346,358,-12,0.392361,0.474609,6.0,LostWC
470,2016,NFC,NFC North,GB,10,6,0,0.625,1,432,388,44,0.453125,0.507812,4.0,LostCC
471,2016,NFC,NFC North,MIN,8,8,0,0.5,3,327,307,20,0.457031,0.492188,,
472,2016,NFC,NFC South,ATL,11,5,0,0.6875,1,540,406,134,0.451705,0.480469,2.0,LostSB
473,2016,NFC,NFC South,CAR,6,10,0,0.375,4,369,402,-33,0.354167,0.517578,,
474,2016,NFC,NFC South,NO,7,9,0,0.4375,3,469,454,15,0.392857,0.523438,,
475,2016,NFC,NFC South,TB,9,7,0,0.5625,2,354,369,-15,0.434028,0.492188,,
476,2016,NFC,NFC West,ARI,7,8,1,0.46875,2,418,362,56,0.366071,0.462891,,
477,2016,NFC,NFC West,LAR/STL,4,12,0,0.25,3,224,394,-170,0.5,0.503906,,
478,2016,NFC,NFC West,SEA,10,5,1,0.65625,1,354,292,62,0.425,0.441406,3.0,LostDV
479,2016,NFC,NFC West,SF,2,14,0,0.125,4,309,480,-171,0.25,0.503906,,
480,2017,AFC,AFC East,BUF,9,7,0,0.5625,2,302,359,-57,0.395833,0.492188,6.0,LostWC
481,2017,AFC,AFC East,MIA,6,10,0,0.375,3,281,393,-112,0.53125,0.542969,,
482,2017,AFC,AFC East,NE,13,3,0,0.8125,1,458,296,162,0.466346,0.484375,1.0,LostSB
483,2017,AFC,AFC East,NYJ,5,11,0,0.3125,4,298,382,-84,0.4375,0.519531,,
484,2017,AFC,AFC North,BAL,9,7,0,0.5625,2,395,303,92,0.298611,0.441406,,
485,2017,AFC,AFC North,CIN,7,9,0,0.4375,3,290,349,-59,0.321429,0.464844,,
486,2017,AFC,AFC North,CLE,0,16,0,0.0,4,234,410,-176,0.0,0.519531,,
487,2017,AFC,AFC North,PIT,13,3,0,0.8125,1,406,308,98,0.423077,0.453125,2.0,LostDV
488,2017,AFC,AFC South,HOU,4,12,0,0.25,4,338,436,-98,0.375,0.515625,,
489,2017,AFC,AFC South,IND,4,12,0,0.25,3,263,404,-141,0.21875,0.480469,,
490,2017,AFC,AFC South,JAX,10,6,0,0.625,1,417,268,149,0.39375,0.433594,3.0,LostCC
491,2017,AFC,AFC South,TEN,9,7,0,0.5625,2,334,356,-22,0.395833,0.433594,5.0,LostDV
492,2017,AFC,AFC West,DEN,5,11,0,0.3125,4,289,382,-93,0.4125,0.492188,,
493,2017,AFC,AFC West,KC,10,6,0,0.625,1,415,339,76,0.48125,0.476562,4.0,LostWC
494,2017,AFC,AFC West,LAC/SD,9,7,0,0.5625,2,355,272,83,0.347222,0.457031,,
495,2017,AFC,AFC West,LV/OAK,6,10,0,0.375,3,301,373,-72,0.395833,0.511719,,
496,2017,NFC,NFC East,DAL,9,7,0,0.5625,2,354,332,22,0.4375,0.496094,,
497,2017,NFC,NFC East,NYG,3,13,0,0.1875,4,246,388,-142,0.458333,0.53125,,
498,2017,NFC,NFC East,PHI,13,3,0,0.8125,1,457,295,162,0.432692,0.460938,1.0,WonSB
499,2017,NFC,NFC East,WAS,7,9,0,0.4375,3,342,388,-46,0.428571,0.539062,,
500,2017,NFC,NFC North,CHI,5,11,0,0.3125,4,264,320,-56,0.5,0.558594,,
501,2017,NFC,NFC North,DET,9,7,0,0.5625,2,410,376,34,0.368056,0.496094,,
502,2017,NFC,NFC North,GB,7,9,0,0.4375,3,320,384,-64,0.357143,0.539062,,
503,2017,NFC,NFC North,MIN,13,3,0,0.8125,1,382,252,130,0.447115,0.492188,2.0,LostCC
504,2017,NFC,NFC South,ATL,10,6,0,0.625,3,353,315,38,0.475,0.542969,6.0,LostDV
505,2017,NFC,NFC South,CAR,11,5,0,0.6875,2,363,327,36,0.5,0.539062,5.0,LostWC
506,2017,NFC,NFC South,NO,11,5,0,0.6875,1,448,326,122,0.482955,0.535156,4.0,LostDV
507,2017,NFC,NFC South,TB,5,11,0,0.3125,4,335,382,-47,0.375,0.554688,,
508,2017,NFC,NFC West,ARI,8,8,0,0.5,3,295,361,-66,0.40625,0.488281,,
509,2017,NFC,NFC West,LAR/STL,11,5,0,0.6875,1,478,329,149,0.460227,0.503906,3.0,LostWC
510,2017,NFC,NFC West,SEA,9,7,0,0.5625,2,366,332,34,0.444444,0.492188,,
511,2017,NFC,NFC West,SF,6,10,0,0.375,4,331,383,-52,0.4375,0.511719,,
512,2018,AFC,AFC East,BUF,6,10,0,0.375,3,269,374,-105,0.40625,0.519531,,
513,2018,AFC,AFC East,MIA,7,9,0,0.4375,2,319,433,-114,0.446429,0.464844,,
514,2018,AFC,AFC East,NE,11,5,0,0.6875,1,436,325,111,0.488636,0.476562,2.0,WonSB
515,2018,AFC,AFC East,NYJ,4,12,0,0.25,4,333,441,-108,0.4375,0.5,,
516,2018,AFC,AFC North,BAL,10,6,0,0.625,1,389,287,102,0.44375,0.488281,4.0,LostWC
517,2018,AFC,AFC North,CIN,6,10,0,0.375,4,368,455,-87,0.447917,0.527344,,
518,2018,AFC,AFC North,CLE,7,8,1,0.46875,3,359,392,-33,0.410714,0.511719,,
519,2018,AFC,AFC North,PIT,9,6,1,0.59375,2,428,360,68,0.444444,0.5,,
520,2018,AFC,AFC South,HOU,11,5,0,0.6875,1,402,316,86,0.431818,0.46875,3.0,LostWC
521,2018,AFC,AFC South,IND,10,6,0,0.625,2,433,344,89,0.45625,0.464844,6.0,LostDV
522,2018,AFC,AFC South,JAX,5,11,0,0.3125,4,245,316,-71,0.4625,0.546875,,
523,2018,AFC,AFC South,TEN,9,7,0,0.5625,3,310,303,7,0.465278,0.519531,,
524,2018,AFC,AFC West,DEN,6,10,0,0.375,3,329,349,-20,0.458333,0.519531,,
525,2018,AFC,AFC West,KC,12,4,0,0.75,1,565,421,144,0.395833,0.476562,1.0,LostCC
526,2018,AFC,AFC West,LAC/SD,12,4,0,0.75,2,428,329,99,0.416667,0.472656,5.0,LostDV
527,2018,AFC,AFC West,LV/OAK,4,12,0,0.25,4,290,467,-177,0.390625,0.542969,,
528,2018,NFC,NFC East,DAL,10,6,0,0.625,1,339,324,15,0.44375,0.488281,4.0,LostDV
529,2018,NFC,NFC East,NYG,5,11,0,0.3125,4,369,412,-43,0.4875,0.527344,,
530,2018,NFC,NFC East,PHI,9,7,0,0.5625,2,367,348,19,0.486111,0.515625,6.0,LostDV
531,2018,NFC,NFC East,WAS,7,9,0,0.4375,3,281,359,-78,0.366071,0.484375,,
532,2018,NFC,NFC North,CHI,12,4,0,0.75,1,421,283,138,0.411458,0.421875,3.0,LostWC
533,2018,NFC,NFC North,DET,6,10,0,0.375,4,324,360,-36,0.416667,0.496094,,
534,2018,NFC,NFC North,GB,6,9,1,0.40625,3,376,400,-24,0.416667,0.484375,,
535,2018,NFC,NFC North,MIN,8,7,1,0.53125,2,360,341,19,0.351562,0.5,,
536,2018,NFC,NFC South,ATL,7,9,0,0.4375,2,414,423,-9,0.348214,0.476562,,
537,2018,NFC,NFC South,CAR,7,9,0,0.4375,3,376,382,-6,0.517857,0.503906,,
538,2018,NFC,NFC South,NO,13,3,0,0.8125,1,504,353,151,0.480769,0.476562,1.0,LostCC
539,2018,NFC,NFC South,TB,5,11,0,0.3125,4,396,464,-68,0.5,0.519531,,
540,2018,NFC,NFC West,ARI,3,13,0,0.1875,4,225,425,-200,0.291667,0.523438,,
541,2018,NFC,NFC West,LAR/STL,13,3,0,0.8125,1,527,384,143,0.423077,0.476562,2.0,LostSB
542,2018,NFC,NFC West,SEA,10,6,0,0.625,2,428,347,81,0.39375,0.480469,5.0,LostWC
543,2018,NFC,NFC West,SF,4,12,0,0.25,3,342,435,-93,0.40625,0.5,,
544,2019,AFC,AFC East,BUF,10,6,0,0.625,2,314,259,55,0.3625,0.460938,5.0,LostWC
545,2019,AFC,AFC East,MIA,5,11,0,0.3125,4,306,494,-188,0.4625,0.484375,,
546,2019,AFC,AFC East,NE,12,4,0,0.75,1,420,225,195,0.411458,0.46875,3.0,LostWC
547,2019,AFC,AFC East,NYJ,7,9,0,0.4375,3,276,359,-83,0.401786,0.472656,,
548,2019,AFC,AFC North,BAL,14,2,0,0.875,1,531,282,249,0.482143,0.492188,1.0,LostDV
549,2019,AFC,AFC North,CIN,2,14,0,0.125,4,279,420,-141,0.40625,0.550781,,
550,2019,AFC,AFC North,CLE,6,10,0,0.375,3,335,393,-58,0.479167,0.53125,,
551,2019,AFC,AFC North,PIT,8,8,0,0.5,2,289,303,-14,0.320312,0.5,,
552,2019,AFC,AFC South,HOU,10,6,0,0.625,1,378,385,-7,0.4875,0.519531,4.0,LostDV
553,2019,AFC,AFC South,IND,7,9,0,0.4375,3,361,373,-12,0.5,0.492188,,
554,2019,AFC,AFC South,JAX,6,10,0,0.375,4,300,397,-97,0.40625,0.484375,,
555,2019,AFC,AFC South,TEN,9,7,0,0.5625,2,402,331,71,0.465278,0.488281,6.0,LostCC
556,2019,AFC,AFC West,DEN,7,9,0,0.4375,2,282,316,-34,0.401786,0.507812,,
557,2019,AFC,AFC West,KC,12,4,0,0.75,1,451,308,143,0.473958,0.507812,2.0,WonSB
558,2019,AFC,AFC West,LAC/SD,5,11,0,0.3125,4,337,345,-8,0.4875,0.511719,,
559,2019,AFC,AFC West,LV/OAK,7,9,0,0.4375,3,313,419,-106,0.330357,0.480469,,
560,2019,NFC,NFC East,DAL,8,8,0,0.5,2,434,321,113,0.3125,0.476562,,
561,2019,NFC,NFC East,NYG,4,12,0,0.25,3,341,451,-110,0.28125,0.46875,,
562,2019,NFC,NFC East,PHI,9,7,0,0.5625,1,385,354,31,0.416667,0.453125,4.0,LostWC
563,2019,NFC,NFC East,WAS,3,13,0,0.1875,4,266,435,-169,0.270833,0.5,,
564,2019,NFC,NFC North,CHI,8,8,0,0.5,3,280,298,-18,0.375,0.503906,,
565,2019,NFC,NFC North,DET,3,12,1,0.21875,4,341,423,-82,0.375,0.503906,,
566,2019,NFC,NFC North,GB,13,3,0,0.8125,1,376,313,63,0.423077,0.449219,2.0,LostCC
567,2019,NFC,NFC North,MIN,10,6,0,0.625,2,407,303,104,0.35,0.472656,6.0,LostDV
568,2019,NFC,NFC South,ATL,7,9,0,0.4375,2,381,399,-18,0.517857,0.542969,,
569,2019,NFC,NFC South,CAR,5,11,0,0.3125,4,340,470,-130,0.4625,0.546875,,
570,2019,NFC,NFC South,NO,13,3,0,0.8125,1,458,341,117,0.456731,0.484375,3.0,LostWC
571,2019,NFC,NFC South,TB,7,9,0,0.4375,3,458,449,9,0.375,0.496094,,
572,2019,NFC,NFC West,ARI,5,10,1,0.34375,4,361,442,-81,0.375,0.527344,,
573,2019,NFC,NFC West,LAR/STL,9,7,0,0.5625,3,394,364,30,0.430556,0.53125,,
574,2019,NFC,NFC West,SEA,11,5,0,0.6875,2,405,398,7,0.460227,0.527344,5.0,LostDV
575,2019,NFC,NFC West,SF,13,3,0,0.8125,1,479,310,169,0.461538,0.5,1.0,LostSB
576,2020,AFC,AFC East,BUF,13,3,0,0.8125,1,501,375,126,0.471154,0.511719,2.0,LostCC
577,2020,AFC,AFC East,MIA,10,6,0,0.625,2,404,338,66,0.346875,0.466797,,
578,2020,AFC,AFC East,NE,7,9,0,0.4375,3,326,353,-27,0.428571,0.527344,,
579,2020,AFC,AFC East,NYJ,2,14,0,0.125,4,243,457,-214,0.65625,0.59375,,
580,2020,AFC,AFC North,BAL,11,5,0,0.6875,2,468,303,165,0.400568,0.494141,5.0,LostDV
581,2020,AFC,AFC North,CIN,4,11,1,0.28125,4,311,424,-113,0.4375,0.529297,,
582,2020,AFC,AFC North,CLE,11,5,0,0.6875,3,408,419,-11,0.40625,0.451172,6.0,LostDV
583,2020,AFC,AFC North,PIT,12,4,0,0.75,1,416,312,104,0.447917,0.474609,3.0,LostWC
584,2020,AFC,AFC South,HOU,4,12,0,0.25,3,384,464,-80,0.21875,0.541016,,
585,2020,AFC,AFC South,IND,11,5,0,0.6875,2,451,362,89,0.383523,0.443359,7.0,LostWC
586,2020,AFC,AFC South,JAX,1,15,0,0.0625,4,306,492,-186,0.6875,0.548828,,
587,2020,AFC,AFC South,TEN,11,5,0,0.6875,1,491,439,52,0.397727,0.474609,4.0,LostWC
588,2020,AFC,AFC West,DEN,5,11,0,0.3125,4,323,446,-123,0.3875,0.566406,,
589,2020,AFC,AFC West,KC,14,2,0,0.875,1,473,362,111,0.464286,0.464844,1.0,LostSB
590,2020,AFC,AFC West,LAC/SD,7,9,0,0.4375,3,384,426,-42,0.34375,0.482422,,
591,2020,AFC,AFC West,LV/OAK,8,8,0,0.5,2,434,478,-44,0.476562,0.539062,,
592,2020,NFC,NFC East,DAL,6,10,0,0.375,3,395,473,-78,0.333333,0.470703,,
593,2020,NFC,NFC East,NYG,6,10,0,0.375,2,280,357,-77,0.427083,0.501953,,
594,2020,NFC,NFC East,PHI,4,11,1,0.28125,4,334,418,-84,0.46875,0.537109,,
595,2020,NFC,NFC East,WAS,7,9,0,0.4375,1,335,329,6,0.388393,0.458984,4.0,LostWC
596,2020,NFC,NFC North,CHI,8,8,0,0.5,2,372,370,2,0.335938,0.488281,7.0,LostWC
597,2020,NFC,NFC North,DET,5,11,0,0.3125,4,377,519,-142,0.35,0.507812,,
598,2020,NFC,NFC North,GB,13,3,0,0.8125,1,509,369,140,0.387019,0.427734,1.0,LostCC
599,2020,NFC,NFC North,MIN,7,9,0,0.4375,3,430,475,-45,0.366071,0.503906,,
600,2020,NFC,NFC South,ATL,4,12,0,0.25,4,396,414,-18,0.390625,0.550781,,
601,2020,NFC,NFC South,CAR,5,11,0,0.3125,3,350,402,-52,0.3875,0.53125,,
602,2020,NFC,NFC South,NO,12,4,0,0.75,1,482,337,145,0.40625,0.458984,2.0,LostDV
603,2020,NFC,NFC South,TB,11,5,0,0.6875,2,492,355,137,0.392045,0.488281,5.0,WonSB
604,2020,NFC,NFC West,ARI,8,8,0,0.5,3,410,367,43,0.441406,0.474609,,
605,2020,NFC,NFC West,LAR/STL,10,6,0,0.625,2,372,296,76,0.484375,0.494141,6.0,LostDV
606,2020,NFC,NFC West,SEA,12,4,0,0.75,1,459,371,88,0.403646,0.447266,3.0,LostWC
607,2020,NFC,NFC West,SF,6,10,0,0.375,4,376,390,-14,0.447917,0.548828,,
608,2021,AFC,AFC East,BUF,11,6,0,0.647059,1,483,289,194,0.427807,0.472318,3.0,LostDV
609,2021,AFC,AFC East,MIA,9,8,0,0.529412,3,341,373,-32,0.379085,0.463668,,
610,2021,AFC,AFC East,NE,10,7,0,0.588235,2,462,303,159,0.394118,0.480969,6.0,LostWC
611,2021,AFC,AFC East,NYJ,4,13,0,0.235294,4,310,504,-194,0.426471,0.512111,,
612,2021,AFC,AFC North,BAL,8,9,0,0.470588,4,387,392,-5,0.459559,0.531142,,
613,2021,AFC,AFC North,CIN,10,7,0,0.588235,1,460,376,84,0.461765,0.472318,4.0,
614,2021,AFC,AFC North,CLE,8,9,0,0.470588,3,349,371,-22,0.415441,0.513841,,
615,2021,AFC,AFC North,PIT,9,7,1,0.558824,2,343,398,-55,0.490196,0.520761,7.0,LostWC
616,2021,AFC,AFC South,HOU,4,13,0,0.235294,3,280,452,-172,0.397059,0.49827,,
617,2021,AFC,AFC South,IND,9,8,0,0.529412,2,451,365,86,0.431373,0.49481,,
618,2021,AFC,AFC South,JAX,3,14,0,0.176471,4,253,457,-204,0.568627,0.512111,,
619,2021,AFC,AFC South,TEN,12,5,0,0.705882,1,419,354,65,0.480392,0.472318,1.0,LostDV
620,2021,AFC,AFC West,DEN,7,10,0,0.411765,4,335,322,13,0.357143,0.484429,,
621,2021,AFC,AFC West,KC,12,5,0,0.705882,1,480,364,116,0.517157,0.538062,2.0,LostCC
622,2021,AFC,AFC West,LAC/SD,9,8,0,0.529412,3,474,459,15,0.5,0.510381,,
623,2021,AFC,AFC West,LV/OAK,10,7,0,0.588235,2,374,439,-65,0.514706,0.510381,5.0,LostWC
624,2021,NFC,NFC East,DAL,12,5,0,0.705882,1,530,358,172,0.431373,0.487889,3.0,LostWC
625,2021,NFC,NFC East,NYG,4,13,0,0.235294,4,258,416,-158,0.485294,0.536332,,
626,2021,NFC,NFC East,PHI,9,8,0,0.529412,2,444,385,59,0.349673,0.468858,7.0,LostWC
627,2021,NFC,NFC East,WAS,7,10,0,0.411765,3,335,434,-99,0.420168,0.529412,,
628,2021,NFC,NFC North,CHI,6,11,0,0.352941,3,311,407,-96,0.372549,0.524221,,
629,2021,NFC,NFC North,DET,3,13,1,0.205882,4,325,467,-142,0.627451,0.527682,,
630,2021,NFC,NFC North,GB,13,4,0,0.764706,1,450,371,79,0.479638,0.479239,1.0,LostDV
631,2021,NFC,NFC North,MIN,8,9,0,0.470588,2,425,426,-1,0.433824,0.50692,,
632,2021,NFC,NFC South,ATL,7,10,0,0.411765,3,313,459,-146,0.315126,0.472318,,
633,2021,NFC,NFC South,CAR,5,12,0,0.294118,4,304,404,-100,0.411765,0.508651,,
634,2021,NFC,NFC South,NO,9,8,0,0.529412,2,364,335,29,0.51634,0.512111,,
635,2021,NFC,NFC South,TB,13,4,0,0.764706,1,511,353,158,0.443439,0.467128,2.0,LostDV
636,2021,NFC,NFC West,ARI,11,6,0,0.647059,2,449,366,83,0.491979,0.489619,5.0,LostWC
637,2021,NFC,NFC West,LAR/STL,12,5,0,0.705882,1,460,372,88,0.409314,0.482699,4.0,
638,2021,NFC,NFC West,SEA,7,10,0,0.411765,4,395,366,29,0.42437,0.519031,,
639,2021,NFC,NFC West,SF,10,7,0,0.588235,3,427,365,62,0.438235,0.5,6.0,LostCC
